station_id,station_name,first_observation_utc,last_observation_utc,observed_hours,active_span_hours,temporal_density_pct,pm25_count,pm25_coverage_pct,pm10_count,pm10_coverage_pct,no2_count,no2_coverage_pct,so2_count,so2_coverage_pct,co_count,co_coverage_pct,o3_count,o3_coverage_pct
site_113,"Shadipur, Delhi - CPCB",2019-12-31 18:30:00+00:00,2024-12-31 17:30:00+00:00,43636,43848,99.5,42152,96.6,37300,85.5,43218,99.0,43072,98.7,43021,98.6,43160,98.9
site_115,"NSIT Dwarka, Delhi - CPCB",2019-12-31 18:30:00+00:00,2024-12-31 17:30:00+00:00,43617,43848,99.5,42150,96.6,37451,85.9,43389,99.5,42997,98.6,43153,98.9,43403,99.5
site_1430,"Rohini, Delhi - DPCC",2019-12-31 18:30:00+00:00,2024-12-31 17:30:00+00:00,43490,43848,99.2,42817,98.5,43049,99.0,42876,98.6,42256,97.2,42225,97.1,41817,96.2
site_1429,"Nehru Nagar, Delhi - DPCC",2019-12-31 18:30:00+00:00,2024-12-31 17:30:00+00:00,43469,43848,99.1,42589,98.0,42922,98.7,40642,93.5,42712,98.3,41580,95.7,42090,96.8
site_1421,"Dr. Karni Singh Shooting Range, Delhi - DPCC",2019-12-31 18:30:00+00:00,2024-12-31 17:30:00+00:00,43407,43848,99.0,41820,96.3,42976,99.0,41752,96.2,41707,96.1,41534,95.7,41845,96.4
site_1562,"Sri Aurobindo Marg, Delhi - DPCC",2019-12-31 18:30:00+00:00,2024-12-31 17:30:00+00:00,43368,43848,98.9,42832,98.8,42660,98.4,43085,99.3,42746,98.6,41661,96.1,42820,98.7
site_1422,"Dwarka-Sector 8, Delhi - DPCC ",2019-12-31 18:30:00+00:00,2024-12-31 17:30:00+00:00,43357,43848,98.9,43014,99.2,42659,98.4,42813,98.7,41823,96.5,42062,97.0,42764,98.6
site_1428,"Okhla Phase-2, Delhi - DPCC",2019-12-31 18:30:00+00:00,2024-12-31 17:30:00+00:00,43334,43848,98.8,43063,99.4,42707,98.6,42956,99.1,42992,99.2,42205,97.4,41521,95.8
site_1560,"Bawana, Delhi - DPCC",2019-12-31 18:30:00+00:00,2024-12-31 17:30:00+00:00,43299,43848,98.7,42341,97.8,42566,98.3,42338,97.8,41419,95.7,41453,95.7,42451,98.0
site_1425,"Major Dhyan Chand National Stadium, Delhi - DPCC",2019-12-31 18:30:00+00:00,2024-12-31 17:30:00+00:00,43200,43848,98.5,42634,98.7,42522,98.4,42721,98.9,42912,99.3,41287,95.6,41846,96.9
site_1431,"Patparganj, Delhi - DPCC",2019-12-31 18:30:00+00:00,2024-12-31 17:30:00+00:00,43200,43848,98.5,42280,97.9,42233,97.8,42304,97.9,41351,95.7,42283,97.9,40377,93.5
site_1420,"Ashok Vihar, Delhi - DPCC",2019-12-31 18:30:00+00:00,2024-12-31 17:30:00+00:00,43139,43848,98.4,41138,95.4,41679,96.6,42504,98.5,42297,98.0,41235,95.6,42126,97.7
site_276,"Nehru Nagar, Kanpur - UPPCB",2019-12-31 18:30:00+00:00,2024-12-31 17:30:00+00:00,43071,43848,98.2,42610,98.9,27937,64.9,30854,71.6,40898,95.0,27730,64.4,42668,99.1
DS1010001,US Embassy - New Delhi,2019-12-31 19:00:00+00:00,2024-12-31 18:00:00+00:00,43002,43848,98.1,43002,100.0,0,0.0,0,0.0,0,0.0,0,0.0,0,0.0
site_124,"R K Puram, Delhi - DPCC",2019-12-31 18:30:00+00:00,2024-12-31 17:30:00+00:00,42978,43848,98.0,41438,96.4,41726,97.1,42023,97.8,40180,93.5,39397,91.7,41553,96.7
site_118,"DTU, Delhi - CPCB",2019-12-31 18:30:00+00:00,2024-12-31 17:30:00+00:00,42968,43848,98.0,39346,91.6,40912,95.2,38517,89.6,42167,98.1,42610,99.2,42249,98.3
site_117,"ITO, Delhi - CPCB",2019-12-31 18:30:00+00:00,2024-12-31 17:30:00+00:00,42934,43848,97.9,40248,93.7,37003,86.2,41543,96.8,41829,97.4,42522,99.0,41906,97.6
site_125,"Punjabi Bagh, Delhi - DPCC",2019-12-31 18:30:00+00:00,2024-12-31 17:30:00+00:00,42931,43848,97.9,42000,97.8,41844,97.5,42013,97.9,39564,92.2,40607,94.6,41622,97.0
site_1423,"Jahangirpuri, Delhi - DPCC",2019-12-31 18:30:00+00:00,2024-12-31 10:30:00+00:00,42920,43841,97.9,42052,98.0,41933,97.7,42160,98.2,41080,95.7,41729,97.2,41690,97.1
site_1434,"Wazirpur, Delhi - DPCC",2019-12-31 18:30:00+00:00,2024-12-31 17:30:00+00:00,42908,43848,97.9,41878,97.6,40280,93.9,42428,98.9,41812,97.4,40165,93.6,40854,95.2
site_1435,"Vivek Vihar, Delhi - DPCC",2019-12-31 18:30:00+00:00,2024-12-31 17:30:00+00:00,42883,43848,97.8,41693,97.2,41138,95.9,42269,98.6,42550,99.2,42004,98.0,40318,94.0
site_109,"Lodhi Road, Delhi - IMD",2019-12-31 18:30:00+00:00,2024-12-31 17:30:00+00:00,42864,43848,97.8,42144,98.3,42340,98.8,42372,98.9,0,0.0,42591,99.4,42278,98.6
site_1561,"Mundka, Delhi - DPCC",2019-12-31 18:30:00+00:00,2024-12-31 17:30:00+00:00,42818,43848,97.7,42238,98.6,41831,97.7,42027,98.2,41538,97.0,41044,95.9,39925,93.2
site_1426,"Narela, Delhi - DPCC",2019-12-31 18:30:00+00:00,2024-12-31 17:30:00+00:00,42746,43848,97.5,42438,99.3,42241,98.8,42497,99.4,41156,96.3,40850,95.6,42522,99.5
site_5024,"Alipur, Delhi - DPCC",2019-12-31 18:30:00+00:00,2024-12-31 17:30:00+00:00,42742,43848,97.5,42080,98.5,41961,98.2,42141,98.6,41844,97.9,41186,96.4,39957,93.5
site_1424,"Jawaharlal Nehru Stadium, Delhi - DPCC",2019-12-31 18:30:00+00:00,2024-12-31 17:30:00+00:00,42726,43848,97.4,42164,98.7,41289,96.6,42025,98.4,41838,97.9,41160,96.3,41273,96.6
site_1432,"Sonia Vihar, Delhi - DPCC",2019-12-31 18:30:00+00:00,2024-12-31 17:30:00+00:00,42679,43848,97.3,42059,98.5,41929,98.2,41575,97.4,41377,96.9,40898,95.8,40821,95.6
site_119,"Sirifort, Delhi - CPCB",2019-12-31 18:30:00+00:00,2024-12-31 17:30:00+00:00,42615,43848,97.2,38891,91.3,41187,96.6,37170,87.2,41105,96.5,41971,98.5,39808,93.4
site_5023,"Anand Vihar, Hapur - UPPCB",2019-12-31 18:30:00+00:00,2024-12-31 10:30:00+00:00,42491,43841,96.9,41553,97.8,40154,94.5,38904,91.6,40368,95.0,29686,69.9,39683,93.4
site_108,"Aya Nagar, Delhi - IMD",2019-12-31 18:30:00+00:00,2024-12-31 17:30:00+00:00,42413,43848,96.7,40887,96.4,42090,99.2,42071,99.2,0,0.0,42312,99.8,41315,97.4
site_114,"IHBAS, Dilshad Garden, Delhi - CPCB",2019-12-31 18:30:00+00:00,2024-12-31 17:30:00+00:00,42110,43848,96.0,40921,97.2,35992,85.5,40902,97.1,41223,97.9,40974,97.3,37013,87.9
site_1427,"Najafgarh, Delhi - DPCC",2019-12-31 18:30:00+00:00,2024-12-31 17:30:00+00:00,42033,43848,95.9,40816,97.1,40910,97.3,41030,97.6,40423,96.2,41131,97.9,40943,97.4
site_122,"Mandir Marg, Delhi - DPCC",2019-12-31 18:30:00+00:00,2024-12-31 17:30:00+00:00,42017,43848,95.8,40514,96.4,41005,97.6,41211,98.1,39659,94.4,39672,94.4,40731,96.9
site_1563,"Pusa, Delhi - DPCC",2019-12-31 18:30:00+00:00,2024-12-31 17:30:00+00:00,41850,43848,95.4,41402,98.9,41217,98.5,40965,97.9,40220,96.1,39496,94.4,41075,98.1
site_105,"North Campus, DU, Delhi - IMD",2019-12-31 18:30:00+00:00,2024-12-31 17:30:00+00:00,41635,43848,95.0,40967,98.4,40700,97.8,41080,98.7,0,0.0,41392,99.4,41192,98.9
site_103,"CRRI Mathura Road, Delhi - IMD",2019-12-31 18:30:00+00:00,2024-12-31 17:30:00+00:00,41239,43848,94.0,40814,99.0,39267,95.2,40444,98.1,0,0.0,40832,99.0,40946,99.3
site_301,"Anand Vihar, Delhi - DPCC",2019-12-31 18:30:00+00:00,2024-12-31 17:30:00+00:00,40673,43848,92.8,39339,96.7,39029,96.0,38532,94.7,37849,93.1,35646,87.6,39287,96.6
site_106,"IGI Airport (T3), Delhi - IMD",2019-12-31 18:30:00+00:00,2024-12-31 17:30:00+00:00,40451,43848,92.3,40035,99.0,40143,99.2,39028,96.5,0,0.0,39950,98.8,40404,99.9
site_107,"Pusa, Delhi - DPCC",2019-12-31 18:30:00+00:00,2024-12-31 17:30:00+00:00,39362,43848,89.8,37861,96.2,38578,98.0,39153,99.5,0,0.0,39268,99.8,38810,98.6
site_104,"Burari Crossing, Delhi - IMD",2021-10-26 09:30:00+00:00,2024-12-31 17:30:00+00:00,25878,27897,92.8,23643,91.4,23527,90.9,18852,72.8,0,0.0,25815,99.8,22840,88.3
site_5393,"Chandni Chowk, Delhi - IITM",2020-11-13 08:30:00+00:00,2024-12-31 09:30:00+00:00,23247,36218,64.2,19180,82.5,22255,95.7,21202,91.2,22618,97.3,21871,94.1,22513,96.8
site_5395,"Lodhi Road, Delhi - IMD",2020-11-13 08:30:00+00:00,2024-12-31 10:30:00+00:00,20702,36219,57.2,18693,90.3,18077,87.3,19745,95.4,19459,94.0,12800,61.8,12809,61.9
